amplitude_pct,observe_s,statistic,class,scenario,fpr_target,threshold,measured_human_fpr,detection_rate,ci_low,ci_high,humans,cheats
0.25,30,error,recoil-macro,spray,0.001,0,0,0,0,0,5000,500
0.25,30,error,flick-aimbot,flick,0.001,5.351963700712307,0.001,1,1,1,5000,500
0.25,30,error,humanised-aimbot,flick,0.001,5.351963700712307,0.001,0.012,0,0.042,5000,500
0.25,30,error,adaptive-aimbot,flick,0.001,5.351963700712307,0.001,0.992,0.982,0.998,5000,500
0.25,30,error,smoothing-aimbot,flick,0.001,5.351963700712307,0.001,0.07,0.036,0.108,5000,500
0.25,30,steps,smoothing-aimbot,flick,0.001,0.5300425868708961,0.001,0.678,0.54,0.73,5000,500
0.25,30,error,fast-adaptive-aimbot,flick,0.001,5.351963700712307,0.001,0.354,0.232,0.496,5000,500
0.25,120,error,recoil-macro,spray,0.001,3.480976466044615,0.001,0.012,0.002,0.022,5000,500
0.25,120,error,flick-aimbot,flick,0.001,4.0879735958955585,0.001,1,1,1,5000,500
0.25,120,error,humanised-aimbot,flick,0.001,4.0879735958955585,0.001,0.282,0.212,0.376,5000,500
0.25,120,error,adaptive-aimbot,flick,0.001,4.0879735958955585,0.001,1,1,1,5000,500
0.25,120,error,smoothing-aimbot,flick,0.001,4.0879735958955585,0.001,0.054,0.036,0.08,5000,500
0.25,120,steps,smoothing-aimbot,flick,0.001,0.5791721445636309,0.001,0.946,0.924,0.974,5000,500
0.25,120,error,fast-adaptive-aimbot,flick,0.001,4.0879735958955585,0.001,0.95,0.92,0.972,5000,500
0.25,300,error,recoil-macro,spray,0.001,4.164831267516389,0.001,0.03,0.014,0.05,5000,500
0.25,300,error,flick-aimbot,flick,0.001,3.0510500451289992,0.001,1,1,1,5000,500
0.25,300,error,humanised-aimbot,flick,0.001,3.0510500451289992,0.001,0.702,0.584,0.756,5000,500
0.25,300,error,adaptive-aimbot,flick,0.001,3.0510500451289992,0.001,1,1,1,5000,500
0.25,300,error,smoothing-aimbot,flick,0.001,3.0510500451289992,0.001,0.036,0.012,0.052,5000,500
0.25,300,steps,smoothing-aimbot,flick,0.001,0.5735097442545786,0.001,0.998,0.99,1,5000,500
0.25,300,error,fast-adaptive-aimbot,flick,0.001,3.0510500451289992,0.001,1,1,1,5000,500
0.25,900,error,recoil-macro,spray,0.001,4.187730499493422,0.001,0.128,0.048,0.216,5000,500
0.25,900,error,flick-aimbot,flick,0.001,1.704820528690132,0.001,1,1,1,5000,500
0.25,900,error,humanised-aimbot,flick,0.001,1.704820528690132,0.001,0.994,0.986,1,5000,500
0.25,900,error,adaptive-aimbot,flick,0.001,1.704820528690132,0.001,1,1,1,5000,500
0.25,900,error,smoothing-aimbot,flick,0.001,1.704820528690132,0.001,0.016,0.006,0.028,5000,500
0.25,900,steps,smoothing-aimbot,flick,0.001,0.5914916386048081,0.001,1,1,1,5000,500
0.25,900,error,fast-adaptive-aimbot,flick,0.001,1.704820528690132,0.001,1,1,1,5000,500
0.5,30,error,recoil-macro,spray,0.001,0,0,0,0,0,5000,500
0.5,30,error,flick-aimbot,flick,0.001,4.052744629580354,0.001,1,1,1,5000,500
0.5,30,error,humanised-aimbot,flick,0.001,4.052744629580354,0.001,0.268,0.184,0.318,5000,500
0.5,30,error,adaptive-aimbot,flick,0.001,4.052744629580354,0.001,0.988,0.976,0.996,5000,500
0.5,30,error,smoothing-aimbot,flick,0.001,4.052744629580354,0.001,0.046,0.024,0.064,5000,500
0.5,30,steps,smoothing-aimbot,flick,0.001,0.6087387399653276,0.001,0.946,0.926,0.968,5000,500
0.5,30,error,fast-adaptive-aimbot,flick,0.001,4.052744629580354,0.001,0.358,0.266,0.41,5000,500
0.5,120,error,recoil-macro,spray,0.001,3.905565614222443,0.001,0.044,0.014,0.08,5000,500
0.5,120,error,flick-aimbot,flick,0.001,3.1642679877808493,0.001,1,1,1,5000,500
0.5,120,error,humanised-aimbot,flick,0.001,3.1642679877808493,0.001,0.856,0.78,0.924,5000,500
0.5,120,error,adaptive-aimbot,flick,0.001,3.1642679877808493,0.001,1,1,1,5000,500
0.5,120,error,smoothing-aimbot,flick,0.001,3.1642679877808493,0.001,0.022,0.01,0.04,5000,500
0.5,120,steps,smoothing-aimbot,flick,0.001,0.47308343078884907,0.001,1,1,1,5000,500
0.5,120,error,fast-adaptive-aimbot,flick,0.001,3.1642679877808493,0.001,0.918,0.848,0.952,5000,500
0.5,300,error,recoil-macro,spray,0.001,4.2980899101162695,0.001,0.152,0.09,0.24,5000,500
0.5,300,error,flick-aimbot,flick,0.001,1.733323424737812,0.001,1,1,1,5000,500
0.5,300,error,humanised-aimbot,flick,0.001,1.733323424737812,0.001,0.998,0.994,1,5000,500
0.5,300,error,adaptive-aimbot,flick,0.001,1.733323424737812,0.001,1,1,1,5000,500
0.5,300,error,smoothing-aimbot,flick,0.001,1.733323424737812,0.001,0.002,0,0.006,5000,500
0.5,300,steps,smoothing-aimbot,flick,0.001,0.46746522813253255,0.001,1,1,1,5000,500
0.5,300,error,fast-adaptive-aimbot,flick,0.001,1.733323424737812,0.001,1,1,1,5000,500
0.5,900,error,recoil-macro,spray,0.001,2.331595799769561,0.001,0.692,0.628,0.752,5000,500
0.5,900,error,flick-aimbot,flick,0.001,0.2745584499436222,0.001,1,1,1,5000,500
0.5,900,error,humanised-aimbot,flick,0.001,0.2745584499436222,0.001,1,1,1,5000,500
0.5,900,error,adaptive-aimbot,flick,0.001,0.2745584499436222,0.001,1,1,1,5000,500
0.5,900,error,smoothing-aimbot,flick,0.001,0.2745584499436222,0.001,0,0,0,5000,500
0.5,900,steps,smoothing-aimbot,flick,0.001,0.6471937771571994,0.001,1,1,1,5000,500
0.5,900,error,fast-adaptive-aimbot,flick,0.001,0.2745584499436222,0.001,1,1,1,5000,500
1,30,error,recoil-macro,spray,0.001,0,0,0,0,0,5000,500
1,30,error,flick-aimbot,flick,0.001,3.352313468916012,0.001,1,1,1,5000,500
1,30,error,humanised-aimbot,flick,0.001,3.352313468916012,0.001,0.798,0.696,0.886,5000,500
1,30,error,adaptive-aimbot,flick,0.001,3.352313468916012,0.001,0.944,0.906,0.972,5000,500
1,30,error,smoothing-aimbot,flick,0.001,3.352313468916012,0.001,0.014,0.004,0.028,5000,500
1,30,steps,smoothing-aimbot,flick,0.001,0.49530056213689144,0.001,1,1,1,5000,500
1,30,error,fast-adaptive-aimbot,flick,0.001,3.352313468916012,0.001,0.054,0.026,0.104,5000,500
1,120,error,recoil-macro,spray,0.001,2.9908753932675265,0.001,0.394,0.322,0.462,5000,500
1,120,error,flick-aimbot,flick,0.001,1.0935179647467856,0.001,1,1,1,5000,500
1,120,error,humanised-aimbot,flick,0.001,1.0935179647467856,0.001,1,1,1,5000,500
1,120,error,adaptive-aimbot,flick,0.001,1.0935179647467856,0.001,1,1,1,5000,500
1,120,error,smoothing-aimbot,flick,0.001,1.0935179647467856,0.001,0.004,0,0.01,5000,500
1,120,steps,smoothing-aimbot,flick,0.001,0.592034071102063,0.001,1,1,1,5000,500
1,120,error,fast-adaptive-aimbot,flick,0.001,1.0935179647467856,0.001,0.212,0.152,0.308,5000,500
1,300,error,recoil-macro,spray,0.001,2.132119246896852,0.001,0.788,0.724,0.838,5000,500
1,300,error,flick-aimbot,flick,0.001,0.037497886732343944,0.001,1,1,1,5000,500
1,300,error,humanised-aimbot,flick,0.001,0.037497886732343944,0.001,1,1,1,5000,500
1,300,error,adaptive-aimbot,flick,0.001,0.037497886732343944,0.001,1,1,1,5000,500
1,300,error,smoothing-aimbot,flick,0.001,0.037497886732343944,0.001,0,0,0,5000,500
1,300,steps,smoothing-aimbot,flick,0.001,0.653432450087645,0.001,1,1,1,5000,500
1,300,error,fast-adaptive-aimbot,flick,0.001,0.037497886732343944,0.001,0.596,0.512,0.706,5000,500
1,900,error,recoil-macro,spray,0.001,1.0306591021630167,0.001,0.992,0.98,1,5000,500
1,900,error,flick-aimbot,flick,0.001,-3.189013592954746,0.001,1,1,1,5000,500
1,900,error,humanised-aimbot,flick,0.001,-3.189013592954746,0.001,1,1,1,5000,500
1,900,error,adaptive-aimbot,flick,0.001,-3.189013592954746,0.001,1,1,1,5000,500
1,900,error,smoothing-aimbot,flick,0.001,-3.189013592954746,0.001,0,0,0,5000,500
1,900,steps,smoothing-aimbot,flick,0.001,0.5378780578505606,0.001,1,1,1,5000,500
1,900,error,fast-adaptive-aimbot,flick,0.001,-3.189013592954746,0.001,0.988,0.976,0.998,5000,500
2,30,error,recoil-macro,spray,0.001,0,0,0,0,0,5000,500
2,30,error,flick-aimbot,flick,0.001,0.9874359674222595,0.001,1,1,1,5000,500
2,30,error,humanised-aimbot,flick,0.001,0.9874359674222595,0.001,0.998,0.994,1,5000,500
2,30,error,adaptive-aimbot,flick,0.001,0.9874359674222595,0.001,0.562,0.458,0.616,5000,500
2,30,error,smoothing-aimbot,flick,0.001,0.9874359674222595,0.001,0.002,0,0.006,5000,500
2,30,steps,smoothing-aimbot,flick,0.001,0.4715921145675156,0.001,1,1,1,5000,500
2,30,error,fast-adaptive-aimbot,flick,0.001,0.9874359674222595,0.001,0.002,0,0.006,5000,500
2,120,error,recoil-macro,spray,0.001,1.715672114811223,0.001,0.9,0.868,0.944,5000,500
2,120,error,flick-aimbot,flick,0.001,-0.1262803816109726,0.001,1,1,1,5000,500
2,120,error,humanised-aimbot,flick,0.001,-0.1262803816109726,0.001,1,1,1,5000,500
2,120,error,adaptive-aimbot,flick,0.001,-0.1262803816109726,0.001,0.968,0.95,0.982,5000,500
2,120,error,smoothing-aimbot,flick,0.001,-0.1262803816109726,0.001,0,0,0,5000,500
2,120,steps,smoothing-aimbot,flick,0.001,0.4642447799397024,0.001,1,1,1,5000,500
2,120,error,fast-adaptive-aimbot,flick,0.001,-0.1262803816109726,0.001,0,0,0,5000,500
2,300,error,recoil-macro,spray,0.001,0.5477638319721935,0.001,1,1,1,5000,500
2,300,error,flick-aimbot,flick,0.001,-4.562282751756979,0.001,1,1,1,5000,500
2,300,error,humanised-aimbot,flick,0.001,-4.562282751756979,0.001,1,1,1,5000,500
2,300,error,adaptive-aimbot,flick,0.001,-4.562282751756979,0.001,1,1,1,5000,500
2,300,error,smoothing-aimbot,flick,0.001,-4.562282751756979,0.001,0,0,0,5000,500
2,300,steps,smoothing-aimbot,flick,0.001,0.5031783633757194,0.001,1,1,1,5000,500
2,300,error,fast-adaptive-aimbot,flick,0.001,-4.562282751756979,0.001,0,0,0,5000,500
2,900,error,recoil-macro,spray,0.001,-0.006027192036949763,0.001,1,1,1,5000,500
2,900,error,flick-aimbot,flick,0.001,-24.75889585008436,0.001,1,1,1,5000,500
2,900,error,humanised-aimbot,flick,0.001,-24.75889585008436,0.001,1,1,1,5000,500
2,900,error,adaptive-aimbot,flick,0.001,-24.75889585008436,0.001,1,1,1,5000,500
2,900,error,smoothing-aimbot,flick,0.001,-24.75889585008436,0.001,0,0,0,5000,500
2,900,steps,smoothing-aimbot,flick,0.001,0.5258216222783614,0.001,1,1,1,5000,500
2,900,error,fast-adaptive-aimbot,flick,0.001,-24.75889585008436,0.001,0,0,0,5000,500
