amplitude_pct,observe_s,statistic,class,scenario,fpr_target,thresholds,measured_human_fpr,detection_rate,ci_low,ci_high,humans,cheats
0.25,30,spray,recoil-macro,spray,0.001,3.4993833254467126,0.001,0.068,0.032,0.1,5000,500
0.25,30,any,recoil-macro,spray,0.001,0;0;5.3098483438563635,0.0002,0.024,0.004,0.07,5000,500
0.25,30,change,flick-aimbot,flick,0.001,3.993543608241932,0.001,0.426,0.37,0.48,5000,500
0.25,30,any,flick-aimbot,flick,0.001,6.970045314659286;0.911145391124406;4.682491201486929,0.0006,1,1,1,5000,500
0.25,30,change,humanised-aimbot,flick,0.001,3.993543608241932,0.001,0.01,0,0.018,5000,500
0.25,30,any,humanised-aimbot,flick,0.001,6.970045314659286;0.911145391124406;4.682491201486929,0.0006,0.006,0.002,0.022,5000,500
0.25,30,change,adaptive-aimbot,flick,0.001,3.993543608241932,0.001,1,1,1,5000,500
0.25,30,any,adaptive-aimbot,flick,0.001,6.970045314659286;0.911145391124406;4.682491201486929,0.0006,1,1,1,5000,500
0.25,30,change,smoothing-aimbot,flick,0.001,3.993543608241932,0.001,0,0,0,5000,500
0.25,30,any,smoothing-aimbot,flick,0.001,6.970045314659286;0.911145391124406;4.682491201486929,0.0006,0.534,0.424,0.708,5000,500
0.25,30,change,fast-adaptive-aimbot,flick,0.001,3.993543608241932,0.001,1,1,1,5000,500
0.25,30,any,fast-adaptive-aimbot,flick,0.001,6.970045314659286;0.911145391124406;4.682491201486929,0.0006,1,1,1,5000,500
0.25,120,spray,recoil-macro,spray,0.001,2.958644174569593,0.001,0.262,0.194,0.318,5000,500
0.25,120,any,recoil-macro,spray,0.001,4.390313840514163;0;4.3125329859723704,0.0004,0.16,0.11,0.276,5000,500
0.25,120,change,flick-aimbot,flick,0.001,3.7336679537187862,0.001,0.972,0.952,0.988,5000,500
0.25,120,any,flick-aimbot,flick,0.001,4.850409892629122;0.7137458570036364;4.95162507493076,0.0006,1,1,1,5000,500
0.25,120,change,humanised-aimbot,flick,0.001,3.7336679537187862,0.001,0.032,0.014,0.06,5000,500
0.25,120,any,humanised-aimbot,flick,0.001,4.850409892629122;0.7137458570036364;4.95162507493076,0.0006,0.192,0.09,0.302,5000,500
0.25,120,change,adaptive-aimbot,flick,0.001,3.7336679537187862,0.001,1,1,1,5000,500
0.25,120,any,adaptive-aimbot,flick,0.001,4.850409892629122;0.7137458570036364;4.95162507493076,0.0006,1,1,1,5000,500
0.25,120,change,smoothing-aimbot,flick,0.001,3.7336679537187862,0.001,0,0,0,5000,500
0.25,120,any,smoothing-aimbot,flick,0.001,4.850409892629122;0.7137458570036364;4.95162507493076,0.0006,0.93,0.876,0.962,5000,500
0.25,120,change,fast-adaptive-aimbot,flick,0.001,3.7336679537187862,0.001,1,1,1,5000,500
0.25,120,any,fast-adaptive-aimbot,flick,0.001,4.850409892629122;0.7137458570036364;4.95162507493076,0.0006,1,1,1,5000,500
0.25,300,spray,recoil-macro,spray,0.001,2.8161970593603374,0.001,0.51,0.438,0.604,5000,500
0.25,300,any,recoil-macro,spray,0.001,4.787498431318487;0;3.405424693104878,0.0004,0.456,0.404,0.536,5000,500
0.25,300,change,flick-aimbot,flick,0.001,2.0599796628676277,0.001,1,1,1,5000,500
0.25,300,any,flick-aimbot,flick,0.001,4.369636579039114;1.0022320817057058;2.6884236510771236,0.0006,1,1,1,5000,500
0.25,300,change,humanised-aimbot,flick,0.001,2.0599796628676277,0.001,0.23,0.144,0.326,5000,500
0.25,300,any,humanised-aimbot,flick,0.001,4.369636579039114;1.0022320817057058;2.6884236510771236,0.0006,0.594,0.554,0.71,5000,500
0.25,300,change,adaptive-aimbot,flick,0.001,2.0599796628676277,0.001,1,1,1,5000,500
0.25,300,any,adaptive-aimbot,flick,0.001,4.369636579039114;1.0022320817057058;2.6884236510771236,0.0006,1,1,1,5000,500
0.25,300,change,smoothing-aimbot,flick,0.001,2.0599796628676277,0.001,0,0,0,5000,500
0.25,300,any,smoothing-aimbot,flick,0.001,4.369636579039114;1.0022320817057058;2.6884236510771236,0.0006,0.99,0.982,1,5000,500
0.25,300,change,fast-adaptive-aimbot,flick,0.001,2.0599796628676277,0.001,1,1,1,5000,500
0.25,300,any,fast-adaptive-aimbot,flick,0.001,4.369636579039114;1.0022320817057058;2.6884236510771236,0.0006,1,1,1,5000,500
0.25,900,spray,recoil-macro,spray,0.001,1.5812199318302116,0.001,0.898,0.858,0.93,5000,500
0.25,900,any,recoil-macro,spray,0.001,6.560854479201608;0;2.227977783027831,0.0004,0.864,0.836,0.91,5000,500
0.25,900,change,flick-aimbot,flick,0.001,0.6354398162119026,0.001,1,1,1,5000,500
0.25,900,any,flick-aimbot,flick,0.001,2.037235028538326;0.8992056273101138;0.9086529886958359,0.0006,1,1,1,5000,500
0.25,900,change,humanised-aimbot,flick,0.001,0.6354398162119026,0.001,0.75,0.696,0.842,5000,500
0.25,900,any,humanised-aimbot,flick,0.001,2.037235028538326;0.8992056273101138;0.9086529886958359,0.0006,0.992,0.982,0.998,5000,500
0.25,900,change,adaptive-aimbot,flick,0.001,0.6354398162119026,0.001,1,1,1,5000,500
0.25,900,any,adaptive-aimbot,flick,0.001,2.037235028538326;0.8992056273101138;0.9086529886958359,0.0006,1,1,1,5000,500
0.25,900,change,smoothing-aimbot,flick,0.001,0.6354398162119026,0.001,0,0,0,5000,500
0.25,900,any,smoothing-aimbot,flick,0.001,2.037235028538326;0.8992056273101138;0.9086529886958359,0.0006,1,1,1,5000,500
0.25,900,change,fast-adaptive-aimbot,flick,0.001,0.6354398162119026,0.001,1,1,1,5000,500
0.25,900,any,fast-adaptive-aimbot,flick,0.001,2.037235028538326;0.8992056273101138;0.9086529886958359,0.0006,1,1,1,5000,500
0.5,30,spray,recoil-macro,spray,0.001,3.6258207541550043,0.001,0.158,0.124,0.218,5000,500
0.5,30,any,recoil-macro,spray,0.001,0;0;3.9329063667593824,0.0002,0.148,0.086,0.182,5000,500
0.5,30,change,flick-aimbot,flick,0.001,3.107430353454911,0.001,0.458,0.354,0.552,5000,500
0.5,30,any,flick-aimbot,flick,0.001,4.764749396839387;0.664280811897979;4.041164349732525,0.0006,1,1,1,5000,500
0.5,30,change,humanised-aimbot,flick,0.001,3.107430353454911,0.001,0.056,0.018,0.086,5000,500
0.5,30,any,humanised-aimbot,flick,0.001,4.764749396839387;0.664280811897979;4.041164349732525,0.0006,0.2,0.16,0.262,5000,500
0.5,30,change,adaptive-aimbot,flick,0.001,3.107430353454911,0.001,1,1,1,5000,500
0.5,30,any,adaptive-aimbot,flick,0.001,4.764749396839387;0.664280811897979;4.041164349732525,0.0006,1,1,1,5000,500
0.5,30,change,smoothing-aimbot,flick,0.001,3.107430353454911,0.001,0,0,0,5000,500
0.5,30,any,smoothing-aimbot,flick,0.001,4.764749396839387;0.664280811897979;4.041164349732525,0.0006,0.946,0.924,0.964,5000,500
0.5,30,change,fast-adaptive-aimbot,flick,0.001,3.107430353454911,0.001,1,1,1,5000,500
0.5,30,any,fast-adaptive-aimbot,flick,0.001,4.764749396839387;0.664280811897979;4.041164349732525,0.0006,1,1,1,5000,500
0.5,120,spray,recoil-macro,spray,0.001,2.3226035779918015,0.001,0.684,0.624,0.744,5000,500
0.5,120,any,recoil-macro,spray,0.001,5.8089066208992115;0;2.996777245189187,0.0004,0.608,0.558,0.706,5000,500
0.5,120,change,flick-aimbot,flick,0.001,1.3533672181584835,0.001,0.994,0.982,1,5000,500
0.5,120,any,flick-aimbot,flick,0.001,4.9612805391635195;0.5411793123292625;1.6813502319838924,0.0006,1,1,1,5000,500
0.5,120,change,humanised-aimbot,flick,0.001,1.3533672181584835,0.001,0.408,0.338,0.464,5000,500
0.5,120,any,humanised-aimbot,flick,0.001,4.9612805391635195;0.5411793123292625;1.6813502319838924,0.0006,0.74,0.518,0.874,5000,500
0.5,120,change,adaptive-aimbot,flick,0.001,1.3533672181584835,0.001,1,1,1,5000,500
0.5,120,any,adaptive-aimbot,flick,0.001,4.9612805391635195;0.5411793123292625;1.6813502319838924,0.0006,1,1,1,5000,500
0.5,120,change,smoothing-aimbot,flick,0.001,1.3533672181584835,0.001,0,0,0,5000,500
0.5,120,any,smoothing-aimbot,flick,0.001,4.9612805391635195;0.5411793123292625;1.6813502319838924,0.0006,1,1,1,5000,500
0.5,120,change,fast-adaptive-aimbot,flick,0.001,1.3533672181584835,0.001,1,1,1,5000,500
0.5,120,any,fast-adaptive-aimbot,flick,0.001,4.9612805391635195;0.5411793123292625;1.6813502319838924,0.0006,1,1,1,5000,500
0.5,300,spray,recoil-macro,spray,0.001,1.7106591743904007,0.001,0.934,0.872,0.956,5000,500
0.5,300,any,recoil-macro,spray,0.001,6.245224951200462;0;3.374343974531543,0.0004,0.868,0.786,0.942,5000,500
0.5,300,change,flick-aimbot,flick,0.001,0.28155588686370125,0.001,1,1,1,5000,500
0.5,300,any,flick-aimbot,flick,0.001,2.076690626929083;0.6352031989598115;0.936929277286536,0.0006,1,1,1,5000,500
0.5,300,change,humanised-aimbot,flick,0.001,0.28155588686370125,0.001,0.808,0.738,0.896,5000,500
0.5,300,any,humanised-aimbot,flick,0.001,2.076690626929083;0.6352031989598115;0.936929277286536,0.0006,0.998,0.992,1,5000,500
0.5,300,change,adaptive-aimbot,flick,0.001,0.28155588686370125,0.001,1,1,1,5000,500
0.5,300,any,adaptive-aimbot,flick,0.001,2.076690626929083;0.6352031989598115;0.936929277286536,0.0006,1,1,1,5000,500
0.5,300,change,smoothing-aimbot,flick,0.001,0.28155588686370125,0.001,0,0,0,5000,500
0.5,300,any,smoothing-aimbot,flick,0.001,2.076690626929083;0.6352031989598115;0.936929277286536,0.0006,1,1,1,5000,500
0.5,300,change,fast-adaptive-aimbot,flick,0.001,0.28155588686370125,0.001,1,1,1,5000,500
0.5,300,any,fast-adaptive-aimbot,flick,0.001,2.076690626929083;0.6352031989598115;0.936929277286536,0.0006,1,1,1,5000,500
0.5,900,spray,recoil-macro,spray,0.001,0.6055098343518651,0.001,0.998,0.994,1,5000,500
0.5,900,any,recoil-macro,spray,0.001,3.398903635820678;0;0.8065043193416226,0.0004,0.998,0.992,1,5000,500
0.5,900,change,flick-aimbot,flick,0.001,-0.6271378545428249,0.001,1,1,1,5000,500
0.5,900,any,flick-aimbot,flick,0.001,0.7344698532212837;1.3541477139831302;-0.4601188682485841,0.0006,1,1,1,5000,500
0.5,900,change,humanised-aimbot,flick,0.001,-0.6271378545428249,0.001,0.994,0.988,1,5000,500
0.5,900,any,humanised-aimbot,flick,0.001,0.7344698532212837;1.3541477139831302;-0.4601188682485841,0.0006,1,1,1,5000,500
0.5,900,change,adaptive-aimbot,flick,0.001,-0.6271378545428249,0.001,1,1,1,5000,500
0.5,900,any,adaptive-aimbot,flick,0.001,0.7344698532212837;1.3541477139831302;-0.4601188682485841,0.0006,1,1,1,5000,500
0.5,900,change,smoothing-aimbot,flick,0.001,-0.6271378545428249,0.001,0,0,0,5000,500
0.5,900,any,smoothing-aimbot,flick,0.001,0.7344698532212837;1.3541477139831302;-0.4601188682485841,0.0006,1,1,1,5000,500
0.5,900,change,fast-adaptive-aimbot,flick,0.001,-0.6271378545428249,0.001,1,1,1,5000,500
0.5,900,any,fast-adaptive-aimbot,flick,0.001,0.7344698532212837;1.3541477139831302;-0.4601188682485841,0.0006,1,1,1,5000,500
1,30,spray,recoil-macro,spray,0.001,2.881449547989527,0.001,0.588,0.54,0.674,5000,500
1,30,any,recoil-macro,spray,0.001,0;0;3.3783875551152933,0.0002,0.548,0.47,0.612,5000,500
1,30,change,flick-aimbot,flick,0.001,1.7652872643139463,0.001,0.476,0.368,0.558,5000,500
1,30,any,flick-aimbot,flick,0.001,4.213379780313363;0.642703835956631;3.052169429225268,0.0006,1,1,1,5000,500
1,30,change,humanised-aimbot,flick,0.001,1.7652872643139463,0.001,0.194,0.108,0.288,5000,500
1,30,any,humanised-aimbot,flick,0.001,4.213379780313363;0.642703835956631;3.052169429225268,0.0006,0.702,0.656,0.806,5000,500
1,30,change,adaptive-aimbot,flick,0.001,1.7652872643139463,0.001,1,1,1,5000,500
1,30,any,adaptive-aimbot,flick,0.001,4.213379780313363;0.642703835956631;3.052169429225268,0.0006,1,1,1,5000,500
1,30,change,smoothing-aimbot,flick,0.001,1.7652872643139463,0.001,0,0,0,5000,500
1,30,any,smoothing-aimbot,flick,0.001,4.213379780313363;0.642703835956631;3.052169429225268,0.0006,1,1,1,5000,500
1,30,change,fast-adaptive-aimbot,flick,0.001,1.7652872643139463,0.001,1,1,1,5000,500
1,30,any,fast-adaptive-aimbot,flick,0.001,4.213379780313363;0.642703835956631;3.052169429225268,0.0006,1,1,1,5000,500
1,120,spray,recoil-macro,spray,0.001,1.369996645053865,0.001,0.972,0.954,0.99,5000,500
1,120,any,recoil-macro,spray,0.001,3.4716969292479156;0;1.9077530949342347,0.0004,0.966,0.94,0.982,5000,500
1,120,change,flick-aimbot,flick,0.001,0.020169665806556172,0.001,0.996,0.982,1,5000,500
1,120,any,flick-aimbot,flick,0.001,1.5489125330727644;0.9929711295609819;0.4464772565544289,0.0006,1,1,1,5000,500
1,120,change,humanised-aimbot,flick,0.001,0.020169665806556172,0.001,0.922,0.838,0.958,5000,500
1,120,any,humanised-aimbot,flick,0.001,1.5489125330727644;0.9929711295609819;0.4464772565544289,0.0006,1,1,1,5000,500
1,120,change,adaptive-aimbot,flick,0.001,0.020169665806556172,0.001,1,1,1,5000,500
1,120,any,adaptive-aimbot,flick,0.001,1.5489125330727644;0.9929711295609819;0.4464772565544289,0.0006,1,1,1,5000,500
1,120,change,smoothing-aimbot,flick,0.001,0.020169665806556172,0.001,0,0,0,5000,500
1,120,any,smoothing-aimbot,flick,0.001,1.5489125330727644;0.9929711295609819;0.4464772565544289,0.0006,1,1,1,5000,500
1,120,change,fast-adaptive-aimbot,flick,0.001,0.020169665806556172,0.001,1,1,1,5000,500
1,120,any,fast-adaptive-aimbot,flick,0.001,1.5489125330727644;0.9929711295609819;0.4464772565544289,0.0006,1,1,1,5000,500
1,300,spray,recoil-macro,spray,0.001,0.3730105384187141,0.001,1,1,1,5000,500
1,300,any,recoil-macro,spray,0.001,2.96624604355201;0;0.8424231733844048,0.0004,1,1,1,5000,500
1,300,change,flick-aimbot,flick,0.001,-1.7178886448761874,0.001,1,1,1,5000,500
1,300,any,flick-aimbot,flick,0.001,0.3839682150672197;0.7852337127028501;-1.3256266268870964,0.0006,1,1,1,5000,500
1,300,change,humanised-aimbot,flick,0.001,-1.7178886448761874,0.001,1,1,1,5000,500
1,300,any,humanised-aimbot,flick,0.001,0.3839682150672197;0.7852337127028501;-1.3256266268870964,0.0006,1,1,1,5000,500
1,300,change,adaptive-aimbot,flick,0.001,-1.7178886448761874,0.001,1,1,1,5000,500
1,300,any,adaptive-aimbot,flick,0.001,0.3839682150672197;0.7852337127028501;-1.3256266268870964,0.0006,1,1,1,5000,500
1,300,change,smoothing-aimbot,flick,0.001,-1.7178886448761874,0.001,0,0,0,5000,500
1,300,any,smoothing-aimbot,flick,0.001,0.3839682150672197;0.7852337127028501;-1.3256266268870964,0.0006,1,1,1,5000,500
1,300,change,fast-adaptive-aimbot,flick,0.001,-1.7178886448761874,0.001,1,1,1,5000,500
1,300,any,fast-adaptive-aimbot,flick,0.001,0.3839682150672197;0.7852337127028501;-1.3256266268870964,0.0006,1,1,1,5000,500
1,900,spray,recoil-macro,spray,0.001,-0.3029559465735914,0.001,1,1,1,5000,500
1,900,any,recoil-macro,spray,0.001,1.6753927328471507;0;0.005496080018860962,0.0004,1,1,1,5000,500
1,900,change,flick-aimbot,flick,0.001,-15.625139752480086,0.001,1,1,1,5000,500
1,900,any,flick-aimbot,flick,0.001,-1.887214457985334;0.8606337446286499;-11.885694095302709,0.0006,1,1,1,5000,500
1,900,change,humanised-aimbot,flick,0.001,-15.625139752480086,0.001,1,1,1,5000,500
1,900,any,humanised-aimbot,flick,0.001,-1.887214457985334;0.8606337446286499;-11.885694095302709,0.0006,1,1,1,5000,500
1,900,change,adaptive-aimbot,flick,0.001,-15.625139752480086,0.001,1,1,1,5000,500
1,900,any,adaptive-aimbot,flick,0.001,-1.887214457985334;0.8606337446286499;-11.885694095302709,0.0006,1,1,1,5000,500
1,900,change,smoothing-aimbot,flick,0.001,-15.625139752480086,0.001,0,0,0.006,5000,500
1,900,any,smoothing-aimbot,flick,0.001,-1.887214457985334;0.8606337446286499;-11.885694095302709,0.0006,1,1,1,5000,500
1,900,change,fast-adaptive-aimbot,flick,0.001,-15.625139752480086,0.001,1,1,1,5000,500
1,900,any,fast-adaptive-aimbot,flick,0.001,-1.887214457985334;0.8606337446286499;-11.885694095302709,0.0006,1,1,1,5000,500
2,30,spray,recoil-macro,spray,0.001,1.5309931959923737,0.001,0.956,0.934,0.976,5000,500
2,30,any,recoil-macro,spray,0.001,0;0;2.188627297829152,0.0002,0.932,0.912,0.968,5000,500
2,30,change,flick-aimbot,flick,0.001,0.11323588645380984,0.001,0.548,0.448,0.602,5000,500
2,30,any,flick-aimbot,flick,0.001,1.8936768970802602;0.9427671432174297;0.36938756656315735,0.0006,1,1,1,5000,500
2,30,change,humanised-aimbot,flick,0.001,0.11323588645380984,0.001,0.584,0.462,0.652,5000,500
2,30,any,humanised-aimbot,flick,0.001,1.8936768970802602;0.9427671432174297;0.36938756656315735,0.0006,0.998,0.982,1,5000,500
2,30,change,adaptive-aimbot,flick,0.001,0.11323588645380984,0.001,1,1,1,5000,500
2,30,any,adaptive-aimbot,flick,0.001,1.8936768970802602;0.9427671432174297;0.36938756656315735,0.0006,1,1,1,5000,500
2,30,change,smoothing-aimbot,flick,0.001,0.11323588645380984,0.001,0,0,0,5000,500
2,30,any,smoothing-aimbot,flick,0.001,1.8936768970802602;0.9427671432174297;0.36938756656315735,0.0006,1,1,1,5000,500
2,30,change,fast-adaptive-aimbot,flick,0.001,0.11323588645380984,0.001,1,1,1,5000,500
2,30,any,fast-adaptive-aimbot,flick,0.001,1.8936768970802602;0.9427671432174297;0.36938756656315735,0.0006,1,1,1,5000,500
2,120,spray,recoil-macro,spray,0.001,0.108881577490034,0.001,1,1,1,5000,500
2,120,any,recoil-macro,spray,0.001,2.153340834920796;0;0.15942690577825067,0.0004,1,1,1,5000,500
2,120,change,flick-aimbot,flick,0.001,-3.5707646808698508,0.001,1,0.996,1,5000,500
2,120,any,flick-aimbot,flick,0.001,0.03478541968853701;0.8035951643512176;-2.141922206098494,0.0006,1,1,1,5000,500
2,120,change,humanised-aimbot,flick,0.001,-3.5707646808698508,0.001,1,1,1,5000,500
2,120,any,humanised-aimbot,flick,0.001,0.03478541968853701;0.8035951643512176;-2.141922206098494,0.0006,1,1,1,5000,500
2,120,change,adaptive-aimbot,flick,0.001,-3.5707646808698508,0.001,1,1,1,5000,500
2,120,any,adaptive-aimbot,flick,0.001,0.03478541968853701;0.8035951643512176;-2.141922206098494,0.0006,1,1,1,5000,500
2,120,change,smoothing-aimbot,flick,0.001,-3.5707646808698508,0.001,0,0,0,5000,500
2,120,any,smoothing-aimbot,flick,0.001,0.03478541968853701;0.8035951643512176;-2.141922206098494,0.0006,1,1,1,5000,500
2,120,change,fast-adaptive-aimbot,flick,0.001,-3.5707646808698508,0.001,1,1,1,5000,500
2,120,any,fast-adaptive-aimbot,flick,0.001,0.03478541968853701;0.8035951643512176;-2.141922206098494,0.0006,1,1,1,5000,500
2,300,spray,recoil-macro,spray,0.001,-0.4082499655363801,0.001,1,1,1,5000,500
2,300,any,recoil-macro,spray,0.001,0.823287112515028;0;-0.07774955958706531,0.0004,1,1,1,5000,500
2,300,change,flick-aimbot,flick,0.001,-21.816028787441194,0.001,1,1,1,5000,500
2,300,any,flick-aimbot,flick,0.001,-3.0696860052116817;1.0906157284725897;-17.161576298360213,0.0006,1,1,1,5000,500
2,300,change,humanised-aimbot,flick,0.001,-21.816028787441194,0.001,1,1,1,5000,500
2,300,any,humanised-aimbot,flick,0.001,-3.0696860052116817;1.0906157284725897;-17.161576298360213,0.0006,1,1,1,5000,500
2,300,change,adaptive-aimbot,flick,0.001,-21.816028787441194,0.001,1,1,1,5000,500
2,300,any,adaptive-aimbot,flick,0.001,-3.0696860052116817;1.0906157284725897;-17.161576298360213,0.0006,1,1,1,5000,500
2,300,change,smoothing-aimbot,flick,0.001,-21.816028787441194,0.001,0,0,0.002,5000,500
2,300,any,smoothing-aimbot,flick,0.001,-3.0696860052116817;1.0906157284725897;-17.161576298360213,0.0006,1,1,1,5000,500
2,300,change,fast-adaptive-aimbot,flick,0.001,-21.816028787441194,0.001,1,1,1,5000,500
2,300,any,fast-adaptive-aimbot,flick,0.001,-3.0696860052116817;1.0906157284725897;-17.161576298360213,0.0006,1,1,1,5000,500
2,900,spray,recoil-macro,spray,0.001,-7.709806788802118,0.001,1,1,1,5000,500
2,900,any,recoil-macro,spray,0.001,0.05880899062590761;0;-7.01722266993361,0.0004,1,1,1,5000,500
2,900,change,flick-aimbot,flick,0.001,-95.38636514181513,0.001,1,1,1,5000,500
2,900,any,flick-aimbot,flick,0.001,-16.501606152573192;0.7840702977259777;-89.31966822027833,0.0006,1,1,1,5000,500
2,900,change,humanised-aimbot,flick,0.001,-95.38636514181513,0.001,1,1,1,5000,500
2,900,any,humanised-aimbot,flick,0.001,-16.501606152573192;0.7840702977259777;-89.31966822027833,0.0006,1,1,1,5000,500
2,900,change,adaptive-aimbot,flick,0.001,-95.38636514181513,0.001,1,1,1,5000,500
2,900,any,adaptive-aimbot,flick,0.001,-16.501606152573192;0.7840702977259777;-89.31966822027833,0.0006,1,1,1,5000,500
2,900,change,smoothing-aimbot,flick,0.001,-95.38636514181513,0.001,0,0,0.006,5000,500
2,900,any,smoothing-aimbot,flick,0.001,-16.501606152573192;0.7840702977259777;-89.31966822027833,0.0006,1,1,1,5000,500
2,900,change,fast-adaptive-aimbot,flick,0.001,-95.38636514181513,0.001,1,1,1,5000,500
2,900,any,fast-adaptive-aimbot,flick,0.001,-16.501606152573192;0.7840702977259777;-89.31966822027833,0.0006,1,1,1,5000,500
