amplitude_pct,observe_s,statistic,class,scenario,median_pairs,median_slope,median_residual_sd,median_kappa,p99_kappa,p999_kappa,median_z
0.25,30,change,human,flick,84,0.11482681979066203,0.31677245420774164,0.34874389226837327,11.232318076717451,14.925395257851797,-0.42005601194971615
0.25,30,spray,human,spray,468,0.29130302161443805,0.08854803707158754,3.216872677246148,191.33119869123504,254.4479158105428,-0.143644806150596
0.25,30,spray,recoil-macro,spray,466,0.8651571980878603,0.01433772909354682,66.75528420041485,365.22841649016215,437.87571465513145,0.6438357076029106
0.25,30,change,flick-aimbot,flick,544,0.4897748278711988,0.025481846865615096,19.481455958051367,42.33169750296066,59.0401493966487,2.5802496330787714
0.25,30,change,humanised-aimbot,flick,84,0.5639677416859947,0.15134363921650368,3.842729724897317,14.289709463014498,15.777739997275043,0.49164278159460106
0.25,30,change,adaptive-aimbot,flick,382,1.409681503573537,0.008724128010178876,159.41394048046445,232.27854862858675,243.4395407681438,22.23215382141957
0.25,30,change,smoothing-aimbot,flick,314,-0.0313813616060265,0.27163556359078617,-0.11505989863763359,9.712547180310029,11.943681481467904,-0.3894181023547906
0.25,30,change,fast-adaptive-aimbot,flick,544,1.4300695903740475,0.006695412244309568,215.3599310627139,373.93494801084705,383.62969478052196,25.58792295065373
0.25,120,change,human,flick,340,0.11044031612164361,0.3195488382199567,0.36074490214421717,5.356537856885867,7.342588821024089,-0.8913751489769799
0.25,120,spray,human,spray,1898,0.28448158338805263,0.08833167430554413,3.297412585308301,85.22751269002408,112.42393051940773,-0.30468053177978555
0.25,120,spray,recoil-macro,spray,1896,1.0160340854964436,0.014265329896863499,74.93307716092356,191.7041506578172,219.9375920419282,1.5469192767800743
0.25,120,change,flick-aimbot,flick,2180,0.5023338030518238,0.025581017760508168,19.77647541846014,29.809594990253323,32.270476854619965,5.229773438867612
0.25,120,change,humanised-aimbot,flick,342,0.5173595379092277,0.15424950215286634,3.4196391300649203,8.058060848300977,10.419463523013263,0.7602900362154353
0.25,120,change,adaptive-aimbot,flick,1540,1.4202045808915293,0.008747887651453604,161.66557432872125,222.0043070987083,228.91367701056092,45.21873943031899
0.25,120,change,smoothing-aimbot,flick,1268,-0.04299918142547879,0.27137055392065085,-0.15850828048510185,4.495225747597487,7.015747898521667,-0.8218817792098685
0.25,120,change,fast-adaptive-aimbot,flick,2180,1.4295259593501488,0.006681403450661962,215.95938845471238,363.04099832544244,377.5589150937915,51.586544053195695
0.25,300,change,human,flick,852,0.12091100302443963,0.3188364977476279,0.3892540539322214,3.391346671329431,4.457588903157565,-1.3861258702208203
0.25,300,spray,human,spray,4744,0.2614942017106477,0.08816239352215413,3.0134782455735762,55.09291687938874,74.59120550131277,-0.4973960011064324
0.25,300,spray,recoil-macro,spray,4742,1.0213693869749272,0.014305968898033882,72.74157696130456,155.28344295277344,165.79911941039805,2.4545732616311815
0.25,300,change,flick-aimbot,flick,5452,0.4994630809152414,0.02551301589238627,19.487412501595767,26.365399625991873,29.257994894279136,8.193242463359105
0.25,300,change,humanised-aimbot,flick,858,0.4924529685491771,0.15477811384733006,3.2659596442432752,6.413546249003544,7.392851913201124,1.1297527802991996
0.25,300,change,adaptive-aimbot,flick,3854,1.4190061683159463,0.008813697303336593,162.82954955267846,212.15261084438706,218.62130531916966,71.86170634564732
0.25,300,change,smoothing-aimbot,flick,3174,0.02744705601562605,0.2714093088989595,0.10117538339572302,2.7619408232920337,3.249471547454066,-1.1560296571501154
0.25,300,change,fast-adaptive-aimbot,flick,5452,1.4288998319702653,0.006661280661161937,213.5059604477878,362.91378565345167,372.28216360445253,81.8905300876512
0.25,900,change,human,flick,2564,0.11644044130440687,0.3197405448979439,0.36761765442454636,2.122503697201274,2.7530620328210462,-2.4417619792675564
0.25,900,spray,human,spray,14218,0.2673532828793194,0.08817416064123199,3.0957422351647996,31.49843346084156,39.921482444833686,-0.8616826378573362
0.25,900,spray,recoil-macro,spray,14216,0.9967340754389775,0.014375746967780366,72.5144206923077,139.86881341247118,176.37744376108898,4.130528280897699
0.25,900,change,flick-aimbot,flick,16362,0.5010949241561921,0.02536016326157553,19.566809267697984,24.018755814414313,24.997408142155045,14.255937092731273
0.25,900,change,humanised-aimbot,flick,2582,0.5010833032300941,0.15410612260134812,3.3085305852357147,5.373047498211643,5.933772990383884,1.9500856464146155
0.25,900,change,adaptive-aimbot,flick,11570,1.4204775641625473,0.008759099452636651,162.39262147729164,211.8358538288825,214.50588634831223,124.27042355436656
0.25,900,change,smoothing-aimbot,flick,9530,0.0016357781518744326,0.27143117014195606,0.006027462038175476,1.6582484528560244,2.245627928891665,-2.068994642003238
0.25,900,change,fast-adaptive-aimbot,flick,16362,1.4311245362315625,0.006687912080473,214.2067842362842,361.12039279546144,367.6422595058153,140.7165588171185
0.5,30,change,human,flick,84,0.09077946625058168,0.3163008392237574,0.2934728959882804,5.886137179134266,7.919519174304776,-0.8764514002709358
0.5,30,spray,human,spray,468,0.2913403753316436,0.08856670221653103,3.4024052734374846,100.69573882529389,140.4681136492185,-0.288727274546291
0.5,30,spray,recoil-macro,spray,466,0.909148985791572,0.01421716463040162,71.18128665941273,218.63280983743914,240.83737900979804,1.3319732999713416
0.5,30,change,flick-aimbot,flick,544,0.4923839157875866,0.04926985014623747,10.073599980394564,21.63360069976897,31.330732006450692,2.3527981894000916
0.5,30,change,humanised-aimbot,flick,84,0.5107731636960025,0.1568112443060197,3.3825465839400044,8.748876896923669,9.829821261368371,0.7451653239391228
0.5,30,change,adaptive-aimbot,flick,382,1.4089241968870092,0.013813410628746397,101.19263916405508,134.73877132476036,140.4634580485696,25.944634648351286
0.5,30,change,smoothing-aimbot,flick,314,-0.01815013532899041,0.27168763875739327,-0.06662612201933933,4.810311005680861,5.812323194322072,-0.7731950414645823
0.5,30,change,fast-adaptive-aimbot,flick,544,1.4298916693567387,0.007870593434968716,184.47018223485043,279.78850764160075,291.004246218049,36.14730432427252
0.5,120,change,human,flick,340,0.11606785105760142,0.31897673674740584,0.36105063869069076,2.7677432457763462,3.5906257840611824,-1.764186639105895
0.5,120,spray,human,spray,1898,0.2893436850101459,0.08834423050973045,3.245778634152586,45.249121962759965,59.633622416163824,-0.6105081346664829
0.5,120,spray,recoil-macro,spray,1898,1.003839932342946,0.014339442878745732,72.29473486583797,149.15620685432822,163.3722399066551,2.968690415603189
0.5,120,change,flick-aimbot,flick,2180,0.5061745991699976,0.04965727903201151,10.206352640322418,15.483320673176001,16.488464930423707,4.876859383034477
0.5,120,change,humanised-aimbot,flick,342,0.5021130688899533,0.1582119525081507,3.2502423950084154,5.656006256505374,6.61106854681947,1.3886057673681687
0.5,120,change,adaptive-aimbot,flick,1540,1.419833138615513,0.013681866155910358,103.25043348115258,123.82301412602531,130.04581419605157,52.85437669289488
0.5,120,change,smoothing-aimbot,flick,1268,-0.01975274641215316,0.2714663586654244,-0.07272895202815324,2.2688427565415203,3.404661742704506,-1.5417305787094568
0.5,120,change,fast-adaptive-aimbot,flick,2180,1.4302164106704374,0.007801641768222458,182.9383819637143,264.10944605419274,282.0105036958465,72.6349124263242
0.5,300,change,human,flick,852,0.11248127131384392,0.3190672526770854,0.35581544448194213,1.8698493628874335,2.445952401172929,-2.8188064876268033
0.5,300,spray,human,spray,4744,0.27532978509915923,0.0883092070773408,3.1503327067284506,28.97516511265035,37.49776179692482,-0.9833944157102087
0.5,300,spray,recoil-macro,spray,4742,1.0026866308841111,0.014346786420166483,72.72887108731015,133.55336822726233,153.36238801655168,4.740018895972903
0.5,300,change,flick-aimbot,flick,5452,0.5013983770553362,0.0495692247012537,10.070460869077495,13.485350555670033,15.0519464659258,7.595053306704087
0.5,300,change,humanised-aimbot,flick,860,0.4906744625985525,0.1585605578585961,3.241773885697543,4.9835320596617345,5.962723126292116,2.1441265805114145
0.5,300,change,adaptive-aimbot,flick,3854,1.4188200709048149,0.01359148979200945,104.65456030291165,119.4083330867388,125.83441318195217,84.00710415381246
0.5,300,change,smoothing-aimbot,flick,3176,0.00846318284127831,0.27144239497245637,0.03112006710218416,1.3884750655065161,1.7068721344763853,-2.365394952747875
0.5,300,change,fast-adaptive-aimbot,flick,5452,1.4304179664230785,0.00781038273707442,183.0156111457917,259.4967603101565,263.94036783352044,115.22055020735769
0.5,900,change,human,flick,2564,0.1142640709437155,0.3201599168643828,0.35777915246054054,1.2574090908373494,1.6224426550948998,-4.890290017605863
0.5,900,spray,human,spray,14216,0.2869057015450134,0.08820281735142287,3.2691534161498117,17.727881928685072,22.74348986703595,-1.6934085045830993
0.5,900,spray,recoil-macro,spray,14214,0.9957546897692114,0.01438658993715915,71.0654411689392,126.62820878909625,142.8732032021488,8.051123835968617
0.5,900,change,flick-aimbot,flick,16362,0.5011592417673322,0.04944660658764593,10.136136738187142,12.341651219820944,12.526511731704538,13.14913144543934
0.5,900,change,humanised-aimbot,flick,2582,0.4941689339209351,0.15826066943834727,3.1732332881817857,4.829097167555345,5.319127324580131,3.431160608572238
0.5,900,change,adaptive-aimbot,flick,11570,1.4210739544025748,0.013566672309397553,104.8442342474434,117.25423621422463,120.30153394136248,146.2976949479811
0.5,900,change,smoothing-aimbot,flick,9530,0.0073202309260131755,0.2714390176429432,0.02700551840803259,0.8335719598570615,1.0550262464994367,-4.1569453424381315
0.5,900,change,fast-adaptive-aimbot,flick,16362,1.4308579779786663,0.007772524844124244,184.33550489851498,256.1653313449406,259.30492287717703,199.45677226522275
1,30,change,human,flick,84,0.11100495047765142,0.31756665589004024,0.35636756835372746,3.241168982892537,4.607867519937376,-1.6698415004613139
1,30,spray,human,spray,468,0.2865642367420808,0.08849291980493361,3.2624448782777753,50.02886657086398,71.82414503336051,-0.5765968169732317
1,30,spray,recoil-macro,spray,466,0.9779363452542973,0.01427227587636465,72.86584175869531,154.12636421442144,168.08560825076975,2.7779194225210113
1,30,change,flick-aimbot,flick,544,0.5009418242167473,0.09793771175161939,5.0992352504632,10.731053727446053,15.282478697235096,1.8021350431582939
1,30,change,humanised-aimbot,flick,84,0.4983773257447131,0.16959024294418626,2.927452901521118,6.100919794064684,8.592870066289827,0.9775989523081637
1,30,change,adaptive-aimbot,flick,382,1.4101038818688472,0.02499824070882106,56.34059877798515,74.40340210543533,76.46029066369972,26.9954594049494
1,30,change,smoothing-aimbot,flick,314,-0.011341634617406797,0.271645562202315,-0.04203802583781212,2.477602182676596,3.127436503952173,-1.491788135572866
1,30,change,fast-adaptive-aimbot,flick,544,1.43099200257222,0.01137004932400666,126.88854215826603,169.06067478741696,179.12323077908206,42.935678654951616
1,120,change,human,flick,340,0.11333837848031013,0.31904282924357596,0.36050448422272574,1.6523209922886244,2.098018683748947,-3.4888887642179895
1,120,spray,human,spray,1898,0.2845288290144677,0.08834293310628687,3.257255992267774,23.81050660377942,31.074932973532192,-1.2083961715986937
1,120,spray,recoil-macro,spray,1898,0.9982830626517906,0.014294722309450872,71.19072455311425,130.36693884570843,143.78643064520773,5.743412967313367
1,120,change,flick-aimbot,flick,2180,0.504672269133236,0.0984167841744431,5.1468221494058515,7.8099864473193215,8.209585255103612,3.7259030241118047
1,120,change,humanised-aimbot,flick,342,0.4985828621039426,0.16990320991817287,2.9278052610699006,4.546070609272534,4.903250537610111,1.9374261283284238
1,120,change,adaptive-aimbot,flick,1540,1.4167621626333455,0.024994104138034115,56.67207148862103,65.04097348991533,68.5778159806014,54.585895704053115
1,120,change,smoothing-aimbot,flick,1268,-0.013919098838394307,0.27142392257690195,-0.051090818440926444,1.1855409365750422,1.893558727088876,-3.067984272482661
1,120,change,fast-adaptive-aimbot,flick,2180,1.4311415728774943,0.011271577735402567,127.08208471972598,157.8578191370468,173.04352969313592,86.1042145577609
1,300,change,human,flick,852,0.11395666511168498,0.31956188756162085,0.364574583088272,1.149613720350139,1.4434270556893758,-5.547026742760804
1,300,spray,human,spray,4742,0.2913581116922422,0.08821485643553381,3.3271679439878756,16.140328364685285,20.36064929965131,-1.93874476264776
1,300,spray,recoil-macro,spray,4744,1.005739182035091,0.014343381220175476,70.65515129554333,129.12942822622364,140.97322392536643,9.098312112955707
1,300,change,flick-aimbot,flick,5452,0.4993440221138606,0.09840070442098552,5.089534983142595,6.76027037900328,7.443915049428317,5.782174510179213
1,300,change,humanised-aimbot,flick,858,0.49835619798530706,0.17083434859855176,2.949999872547708,4.146062346413223,4.52299476552509,3.15808307080127
1,300,change,adaptive-aimbot,flick,3854,1.4183744241998033,0.024940706004311985,57.03725302275808,62.09123184831074,66.00669130507441,86.62353094283056
1,300,change,smoothing-aimbot,flick,3174,0.011414326564669886,0.2713901949933155,0.042033152631554924,0.7745633180620025,0.8960363126397599,-4.7180848995519336
1,300,change,fast-adaptive-aimbot,flick,5452,1.4301006649446641,0.011227223038961256,127.29880021505632,153.08113563641297,155.43308108816674,136.23787241520102
1,900,change,human,flick,2564,0.11276299598070127,0.3198252780230059,0.3548534289319256,0.852353925136655,1.0249788185453843,-9.731132637031019
1,900,spray,human,spray,14218,0.2853658658790036,0.08821056506565673,3.2409412592006874,10.396237000401468,12.219720221435333,-3.3923829009721587
1,900,spray,recoil-macro,spray,14218,0.9975734194646306,0.014372720459593048,70.53174095689428,126.6869419830414,138.3835181670802,15.925507250969924
1,900,change,flick-aimbot,flick,16362,0.5017836981358883,0.09809408327068253,5.1079093325076235,6.195790227860637,6.333432344626101,10.021761132314976
1,900,change,humanised-aimbot,flick,2586,0.49946174570139257,0.17152169850235488,2.9216523227249245,4.015346171636041,4.0973724772969025,5.292646680622774
1,900,change,adaptive-aimbot,flick,11570,1.4214551261747843,0.02478279665543683,57.21488852839725,60.91832071992934,62.49318391902391,150.73350060805797
1,900,change,smoothing-aimbot,flick,9530,0.006314526764210343,0.27145697650934036,0.023275527108566136,0.42373200328666183,0.580974709419133,-8.265465083214632
1,900,change,fast-adaptive-aimbot,flick,16362,1.4304407816737734,0.011145211373995179,128.52783588857488,148.96211001163712,153.73354893658652,236.22936206166204
2,30,change,human,flick,82,0.11633870484111876,0.31777371475734445,0.3699373541125266,1.7718685369833207,2.291408523994215,-3.239384485541126
2,30,spray,human,spray,468,0.2987209251153726,0.08846216211994716,3.405038950219526,27.011823939740484,36.661034352615864,-1.1327865761187341
2,30,spray,recoil-macro,spray,466,0.9853729747868446,0.014384161133057783,71.34732534469364,139.6283525275714,152.79427072353567,5.423755356230233
2,30,change,flick-aimbot,flick,544,0.49883586109319966,0.1956261308194586,2.5672099356380396,5.353649564800934,7.658585540237201,0.6658982068104645
2,30,change,humanised-aimbot,flick,84,0.5038630445181798,0.2138928237144716,2.354035191097068,4.101290477388582,4.7896730922126505,0.6781859040805078
2,30,change,adaptive-aimbot,flick,382,1.4084683084666538,0.04809866619868408,29.238606348272224,38.10987228989349,41.75817972369988,26.14294542163955
2,30,change,smoothing-aimbot,flick,314,0.002150889381039994,0.27167039680364313,0.00794379685719978,1.2366897150924547,1.6404797253968215,-2.978576064654806
2,30,change,fast-adaptive-aimbot,flick,544,1.4301429959625929,0.01970321890024062,72.54701481029758,92.58804320246254,98.43495617514864,44.59259628745558
2,120,change,human,flick,340,0.1107837832332642,0.31975991981153923,0.35557981385275855,1.0084769327638838,1.260080082428307,-6.805801800231996
2,120,spray,human,spray,1898,0.2861018384356571,0.08830086105506417,3.262665778104775,13.785530450265036,17.196448090397446,-2.441858370885273
2,120,spray,recoil-macro,spray,1898,0.9968854007666305,0.014308118783839627,70.16029855718699,127.48086972071604,137.66484428158685,11.132316028207907
2,120,change,flick-aimbot,flick,2180,0.5048108754612395,0.19647314551474815,2.5791058071722945,3.888401313150417,4.102606750473441,1.3545672376021578
2,120,change,humanised-aimbot,flick,342,0.5005484518099997,0.21539862577418362,2.3346163509118023,3.265178438780072,3.5875545294643887,1.3243992485712779
2,120,change,adaptive-aimbot,flick,1540,1.4169040479177712,0.048452139222319536,29.260579353680626,33.20789514445949,34.88073196045383,52.93533519059906
2,120,change,smoothing-aimbot,flick,1268,0.0009122870959963589,0.2713853728482292,0.0033608933379696794,0.6082102042115116,0.9615900020503596,-6.028576655508396
2,120,change,fast-adaptive-aimbot,flick,2180,1.430443879162399,0.019686853172810326,72.69202083918513,84.02925117843385,92.35135969464405,89.59764227523353
2,300,change,human,flick,852,0.11237328616920353,0.3202184161346656,0.356717128325039,0.7880143789359824,0.9175792976630898,-10.821886812176253
2,300,spray,human,spray,4744,0.2752903554881752,0.08814911963633747,3.1713086185498174,9.744080797573124,12.268212557552049,-3.9360641231060085
2,300,spray,recoil-macro,spray,4742,0.9993858680085571,0.014349874806170618,70.02601291465129,125.03335915920393,139.16046289252225,17.54474337370515
2,300,change,flick-aimbot,flick,5452,0.4998777129684373,0.1965660265945045,2.54667619946487,3.3923532043620455,3.7232432742798207,2.0264085690028657
2,300,change,humanised-aimbot,flick,860,0.4978261072059545,0.21588316272611277,2.3186877998394575,2.9569666595207584,3.184492232029044,1.9719952517388446
2,300,change,adaptive-aimbot,flick,3854,1.41846365391163,0.04829957938230054,29.36480646922517,31.639995951019205,33.421131404780276,83.82805266157378
2,300,change,smoothing-aimbot,flick,3176,0.009315976676537625,0.2713861510902148,0.03430097934957787,0.403649989732299,0.48599069431158165,-9.440753112879047
2,300,change,fast-adaptive-aimbot,flick,5452,1.4297677565098157,0.019584450533229616,72.88249912582714,81.39999234523152,81.95773257033477,142.07617079453496
2,900,change,human,flick,2562,0.11118520088959108,0.3198634921026807,0.3503753406530234,0.6468759639691303,0.7550111941193238,-18.876033953532897
2,900,spray,human,spray,14218,0.2736510962129143,0.08828137605094172,3.11465843186296,6.97707213009357,8.11014314102404,-6.839324276790538
2,900,spray,recoil-macro,spray,14216,0.9979536161986277,0.014368668612158091,69.4344603996057,127.21835921025688,135.82015930583884,30.542976823676774
2,900,change,flick-aimbot,flick,16362,0.5010094661689277,0.19580536599059745,2.5623100282015705,3.094500992561134,3.175545929560133,3.599865530021679
2,900,change,humanised-aimbot,flick,2582,0.4981758960407032,0.21642868009674954,2.3003046779854177,2.8451020338482307,2.9651936859485466,3.204184739272862
2,900,change,adaptive-aimbot,flick,11570,1.4212883202997448,0.04832187270990768,29.435655582461198,31.0952416579314,31.659812111114473,145.67874136688943
2,900,change,smoothing-aimbot,flick,9530,0.0058346090607631395,0.27139257768978664,0.02143854640260012,0.2090910351405118,0.311247794320062,-16.447084744844133
2,900,change,fast-adaptive-aimbot,flick,16362,1.4304739061243446,0.019488258565958753,73.3558189588395,78.49260216774096,80.72836563052076,246.39335999466806
