amplitude_pct,class,scenario,statistics,sequential_thresholds,measured_human_sequential_fpr,detected_fraction,median_shots,p90_shots,median_engagements,p90_engagements,median_matches
0.25,flick-aimbot,flick,error+steps+change,10.286256715053376;4.732930084676292;10.351323328749428,0.0006,1,10,11,10,11,0.2
0.25,humanised-aimbot,flick,error+steps+change,10.286256715053376;4.732930084676292;10.351323328749428,0.0006,0.756,566,1093,566,1093,11.32
0.25,adaptive-aimbot,flick,error+steps+change,10.286256715053376;4.732930084676292;10.351323328749428,0.0006,1,12,25,12,25,0.24
0.25,smoothing-aimbot,flick,error+steps+change,10.286256715053376;4.732930084676292;10.351323328749428,0.0006,0.996,543,2078,544,2079,10.88
0.25,fast-adaptive-aimbot,flick,error+steps+change,10.286256715053376;4.732930084676292;10.351323328749428,0.0006,1,13,31,13,31,0.26
0.25,recoil-macro,spray,error+steps+spray,7.514573077147228;0;15.140775115374746,0.0004,0.412,3127,6333,105,212,2.1
0.5,flick-aimbot,flick,error+steps+change,11.871978952251315;4.585530803036991;7.22817697386468,0.0006,1,10,10,10,10,0.2
0.5,humanised-aimbot,flick,error+steps+change,11.871978952251315;4.585530803036991;7.22817697386468,0.0006,1,232,529,232,529,4.64
0.5,adaptive-aimbot,flick,error+steps+change,11.871978952251315;4.585530803036991;7.22817697386468,0.0006,1,11,15,11,15,0.22
0.5,smoothing-aimbot,flick,error+steps+change,11.871978952251315;4.585530803036991;7.22817697386468,0.0006,1,166,526,167,527,3.34
0.5,fast-adaptive-aimbot,flick,error+steps+change,11.871978952251315;4.585530803036991;7.22817697386468,0.0006,1,11,14,11,14,0.22
0.5,recoil-macro,spray,error+steps+spray,7.751672812371982;0;15.638248626320205,0.0004,0.848,2252,5615,76,188,1.52
1,flick-aimbot,flick,error+steps+change,8.338746339659906;4.78770326247902;7.2764263758978585,0.0006,1,10,10,10,10,0.2
1,humanised-aimbot,flick,error+steps+change,8.338746339659906;4.78770326247902;7.2764263758978585,0.0006,1,46,116,46,116,0.92
1,adaptive-aimbot,flick,error+steps+change,8.338746339659906;4.78770326247902;7.2764263758978585,0.0006,1,11,13,11,13,0.22
1,smoothing-aimbot,flick,error+steps+change,8.338746339659906;4.78770326247902;7.2764263758978585,0.0006,1,52,150,53,151,1.06
1,fast-adaptive-aimbot,flick,error+steps+change,8.338746339659906;4.78770326247902;7.2764263758978585,0.0006,1,11,11,11,11,0.22
1,recoil-macro,spray,error+steps+spray,6.952732496365005;0;15.34970668110796,0.0004,1,728,2188,25,73,0.5
2,flick-aimbot,flick,error+steps+change,7.189573833824697;4.163363237298038;5.027627179529037,0.0006,1,10,10,10,10,0.2
2,humanised-aimbot,flick,error+steps+change,7.189573833824697;4.163363237298038;5.027627179529037,0.0006,1,16,36,16,36,0.32
2,adaptive-aimbot,flick,error+steps+change,7.189573833824697;4.163363237298038;5.027627179529037,0.0006,1,11,12,11,12,0.22
2,smoothing-aimbot,flick,error+steps+change,7.189573833824697;4.163363237298038;5.027627179529037,0.0006,1,18,48,19,49,0.38
2,fast-adaptive-aimbot,flick,error+steps+change,7.189573833824697;4.163363237298038;5.027627179529037,0.0006,1,11,11,11,11,0.22
2,recoil-macro,spray,error+steps+spray,5.936056442838126;0;15.141627679604003,0.0004,1,216,608,8,21,0.16
