amplitude_pct,observe_s,class,scenario,median_slope,median_kappa,median_r,median_z,median_plain_z,dr_kappa_test,dr_plain_significance,dr_slope_only
0.25,30,human,flick,0.18811051227016773,0.5903839332666942,0.014493034431743042,-0.30291861572281165,0.13281597325812927,0.001,0.001,0.001
0.25,30,fast-adaptive-aimbot,flick,0.07791569517039985,6.868197834776587,0.17048090229961355,2.8476944489439613,4.011779088006153,0.354,0.578,0
0.25,30,adaptive-aimbot,flick,0.2515644202224506,17.472196017420092,0.3939442301090795,7.20554630613134,8.144224760767417,0.992,0.998,0
0.25,30,humanised-aimbot,flick,1.0147846510417962,7.02173747211622,0.16271371612722638,1.0818040292187006,1.4688877318383649,0.012,0.02,0.004
0.25,120,human,flick,0.22946426601972558,0.7120495197238618,0.017390895277613047,-0.5678720360465586,0.3187587573619608,0.001,0.001,0.001
0.25,120,fast-adaptive-aimbot,flick,0.07711335711023118,6.770711348704916,0.1645769996052529,5.492776958204353,7.752925250607684,0.95,0.996,0
0.25,120,adaptive-aimbot,flick,0.24978299059752726,17.094565757110146,0.3892675527985907,14.188898469601309,16.132319487434867,1,1,0
0.25,120,humanised-aimbot,flick,1.0285335952457355,7.066175390769002,0.16432945931206774,2.2004699047691707,3.068521535875336,0.282,0.302,0.056
0.25,300,human,flick,0.22021369309447775,0.6923441822138312,0.016767628242317405,-0.9191720653372342,0.4903177647411543,0.001,0.001,0.001
0.25,300,fast-adaptive-aimbot,flick,0.07753273911931975,6.905029001292498,0.16828644336430693,8.86302160168515,12.544062657840081,1,1,0
0.25,300,adaptive-aimbot,flick,0.24956803594084448,17.26968915222547,0.39080715196757543,22.557243259844608,25.611511747460277,1,1,0
0.25,300,humanised-aimbot,flick,0.9956050594176333,6.759675809488329,0.16022259531360974,3.3362017175425724,4.736456798848292,0.702,0.7,0.35
0.25,900,human,flick,0.2167686735823076,0.680090779132888,0.01635284006965974,-1.6043510984995604,0.8310813498384897,0.001,0.001,0.001
0.25,900,fast-adaptive-aimbot,flick,0.07765088011114393,6.856581099332312,0.16719443395489694,15.25864645866661,21.588544705958352,1,1,0
0.25,900,adaptive-aimbot,flick,0.24794193056958433,17.17173172689151,0.38942173580988465,38.89949694672141,44.21528252080374,1,1,0
0.25,900,humanised-aimbot,flick,1.0043295011764144,6.589810971963972,0.1563752056736241,5.576148946137865,8.045559244453978,0.994,0.992,0.92
0.5,30,human,flick,0.19877861303914718,0.644851255449834,0.03013404687476147,-0.5804173375419984,0.27428726166293305,0.001,0.001,0.001
0.5,30,fast-adaptive-aimbot,flick,0.07879694057148728,4.021900161502174,0.1951533006798203,2.2971361619347377,4.606619363802489,0.358,0.722,0
0.5,30,adaptive-aimbot,flick,0.2500772384093242,9.68220374709715,0.42543214320291745,6.992473130586323,8.900847419420673,0.988,0.998,0
0.5,30,humanised-aimbot,flick,1.028516048140847,6.93518706603792,0.31667294896989273,2.137601093719147,2.9358818032595124,0.268,0.252,0.076
0.5,120,human,flick,0.216583081759958,0.6862706362811637,0.032616403797136755,-1.1485448033873906,0.5989852011932276,0.001,0.001,0.001
0.5,120,fast-adaptive-aimbot,flick,0.07801399253875578,3.9662990013680353,0.1903606299931663,4.402460696725282,8.99571874707903,0.918,1,0
0.5,120,adaptive-aimbot,flick,0.2504555197063726,9.529725367170576,0.4222569606596541,13.826293215304409,17.671789297655625,1,1,0
0.5,120,humanised-aimbot,flick,1.000223117092116,6.583677421772921,0.3037875744642766,4.05963260122776,5.747312171395975,0.856,0.866,0.536
0.5,300,human,flick,0.216297471989512,0.6921137847487473,0.03338140256157187,-1.8454583461099578,0.973084936694769,0.001,0.001,0.001
0.5,300,fast-adaptive-aimbot,flick,0.07829325170506364,3.9779440475469343,0.19236228175283895,7.10124375420521,14.381449966811408,1,1,0
0.5,300,adaptive-aimbot,flick,0.24912264892453356,9.417567752752921,0.4199521652113951,21.751712080673855,27.82338608811786,1,1,0
0.5,300,humanised-aimbot,flick,0.991667317625008,6.565846105411483,0.30275402324046063,6.333868098189455,9.1081573667018,0.998,0.994,0.974
0.5,900,human,flick,0.211508058854938,0.6774067853621606,0.03249279208714673,-3.227298189260289,1.6540707364205316,0.001,0.001,0.001
0.5,900,fast-adaptive-aimbot,flick,0.07758897232484309,3.950410434265919,0.19148433325419734,12.164561192929604,24.798901041225296,1,1,0
0.5,900,adaptive-aimbot,flick,0.2482613330943329,9.3325156671418,0.4185102962244099,37.348357230890464,47.949157497988104,1,1,0
0.5,900,humanised-aimbot,flick,0.9947570260762292,6.506932626251227,0.29805173156744624,10.812531998752268,15.797200584777157,1,1,1
1,30,human,flick,0.21055814210796397,0.6782170520499741,0.06460813873187045,-1.120945370128267,0.5849567230111365,0.001,0.001,0.001
1,30,fast-adaptive-aimbot,flick,0.07997082535249732,2.1102027584532106,0.20543693764742582,0.265185826347979,4.856270483833617,0.054,0.696,0
1,30,adaptive-aimbot,flick,0.24782976037071558,4.985203874831984,0.4350025379662176,5.313992689681258,9.144567784428402,0.944,0.998,0
1,30,humanised-aimbot,flick,1.011336903872911,6.615896952700839,0.5389408163337172,3.6994794842293595,5.4659527829383485,0.798,0.796,0.558
1,120,human,flick,0.2170732707851941,0.6885282509381876,0.06590644620882403,-2.2929469049798166,1.220834636049628,0.001,0.001,0.001
1,120,fast-adaptive-aimbot,flick,0.07841135212684716,2.0877999857360066,0.20177148855771315,0.389211955668972,9.54967706936214,0.212,1,0
1,120,adaptive-aimbot,flick,0.25062158891276953,4.869547048254952,0.4309594447543104,10.47861607676072,18.080987673302854,1,1,0
1,120,humanised-aimbot,flick,1.0002788374863982,6.4723126020288735,0.5321816112710126,7.47922557467587,11.014949641708368,1,1,0.996
1,300,human,flick,0.21207514587397525,0.66547328313408,0.0641291683240204,-3.7242015261288355,1.8734005161112703,0.001,0.001,0.001
1,300,fast-adaptive-aimbot,flick,0.07800335918468246,2.097470005181938,0.20096018862440632,0.692699371182056,15.041784654914736,0.596,1,0
1,300,adaptive-aimbot,flick,0.2491081301056601,4.841016524435197,0.4296251487290863,16.40230987682005,28.515336191123467,1,1,0
1,300,humanised-aimbot,flick,1.002941803891695,6.527869874673779,0.5334650094405313,11.963441792059225,17.682927490895672,1,1,1
1,900,human,flick,0.21258693003074827,0.671026531852087,0.0647291213578612,-6.437064115166057,3.2794777811727647,0.001,0.001,0.001
1,900,fast-adaptive-aimbot,flick,0.07759563039410508,2.0750387079463266,0.20066916628146828,0.941457681433525,26.020718238517166,0.988,1,0
1,900,adaptive-aimbot,flick,0.24834705462566292,4.817340461979271,0.42798040261328696,28.17658372207702,49.23061675161725,1,1,0
1,900,humanised-aimbot,flick,1.000770579285104,6.524135921676067,0.5330466980411259,20.32575332205302,30.08841785198815,1,1,1
2,30,human,flick,0.2198929766293492,0.6991157703293552,0.13232484252867513,-2.12428563620339,1.2012129878012228,0.001,0.001,0.001
2,30,fast-adaptive-aimbot,flick,0.07891236909713344,1.0693525064114082,0.2091536028680318,-4.019746581278409,4.946766409351315,0.002,0.528,0
2,30,adaptive-aimbot,flick,0.24952489797844934,2.500766047770791,0.43676288893367043,1.7429938066169628,9.178598427719285,0.562,0.996,0
2,30,humanised-aimbot,flick,0.9968226853547114,6.60262636243617,0.7852003104928391,6.250438407548752,9.674624074965763,0.998,0.992,0.99
2,120,human,flick,0.21144135972751485,0.6742548662485691,0.12734099236052035,-4.510171533762931,2.3699495088488094,0.001,0.001,0.001
2,120,fast-adaptive-aimbot,flick,0.07786458120408875,1.0614472616962451,0.20397509375130743,-8.236756085126068,9.656956231830044,0,0.988,0
2,120,adaptive-aimbot,flick,0.24969090075982928,2.454090160427052,0.4327164141525838,3.2296295028504893,18.19118579583289,0.968,1,0
2,120,humanised-aimbot,flick,0.9992880159162694,6.541810648639942,0.7811824666212841,12.46833814252411,19.588862001226527,1,1,1
2,300,human,flick,0.21166342612722422,0.6719420248422701,0.1282380803896114,-7.211601265070898,3.7673998038406484,0.001,0.001,0.001
2,300,fast-adaptive-aimbot,flick,0.07789711713626614,1.056783655021442,0.20364288317555534,-13.079165498447358,15.248302449406472,0,1,0
2,300,adaptive-aimbot,flick,0.24932755499437093,2.435840151240232,0.43221081921119053,4.894864818181571,28.72357829012742,1,1,0
2,300,humanised-aimbot,flick,0.9990078879648953,6.510904790305655,0.7818063992224105,19.84787704764651,30.93189095508006,1,1,1
2,900,human,flick,0.20952768916937226,0.6614126278391127,0.1263291078721672,-12.629105932105443,6.432756756289937,0.001,0.001,0.001
2,900,fast-adaptive-aimbot,flick,0.07756084818424122,1.0521087384710581,0.20300448456201103,-22.86411343108151,26.33211496897229,0,1,0
2,900,adaptive-aimbot,flick,0.24824727320393947,2.4226108854788837,0.4307411530319527,8.234917058840113,49.57853328221323,1,1,0
2,900,humanised-aimbot,flick,0.9981555506992992,6.514134844010201,0.7794758376579828,33.96014299677391,53.30450189056164,1,1,1
