amplitude_pct,observe_s,fpr_target,threshold,measured_human_flick_fpr,human_spray_fpr_at_same_threshold,detection_rate,ci_low,ci_high,detection_rate_at_1pct_fpr
0.25,30,0.001,0.5300425868708961,0.001,0,0.678,0.544,0.73,0.832
0.25,120,0.001,0.5791721445636309,0.001,0,0.946,0.924,0.972,0.984
0.25,300,0.001,0.5735097442545786,0.001,0,0.998,0.99,1,1
0.25,900,0.001,0.5914916386048081,0.001,0,1,1,1,1
0.5,30,0.001,0.6087387399653276,0.001,0,0.946,0.926,0.968,0.986
0.5,120,0.001,0.47308343078884907,0.001,0,1,1,1,1
0.5,300,0.001,0.46746522813253255,0.001,0,1,1,1,1
0.5,900,0.001,0.6471937771571994,0.001,0,1,1,1,1
1,30,0.001,0.49530056213689144,0.001,0,1,1,1,1
1,120,0.001,0.592034071102063,0.001,0,1,1,1,1
1,300,0.001,0.653432450087645,0.001,0,1,1,1,1
1,900,0.001,0.5378780578505606,0.001,0,1,1,1,1
2,30,0.001,0.4715921145675156,0.001,0,1,1,1,1
2,120,0.001,0.4642447799397024,0.001,0,1,1,1,1
2,300,0.001,0.5031783633757194,0.001,0,1,1,1,1
2,900,0.001,0.5258216222783614,0.001,0,1,1,1,1
