amplitude_pct,class,scenario,sequential_error_threshold,sequential_steps_threshold,measured_human_sequential_fpr,detected_fraction,median_shots,p90_shots,median_engagements,p90_engagements,median_matches
0.25,flick-aimbot,flick,10.189753252069544,4.549533536057821,0.0008,1,10,11,10,11,0.2
0.25,humanised-aimbot,flick,10.189753252069544,4.549533536057821,0.0008,0.76,568,1091,568,1091,11.36
0.25,adaptive-aimbot,flick,10.189753252069544,4.549533536057821,0.0008,1,42,127,42,127,0.84
0.25,smoothing-aimbot,flick,10.189753252069544,4.549533536057821,0.0008,0.996,516,1947,517,1948,10.34
0.25,fast-adaptive-aimbot,flick,10.189753252069544,4.549533536057821,0.0008,1,551,1524,551,1524,11.02
0.25,recoil-macro,spray,7.51412627215445,0,0.0004,0.046,4830,6540,161,218,3.22
0.5,flick-aimbot,flick,11.242694068740462,4.246260404571059,0.0008,1,10,10,10,10,0.2
0.5,humanised-aimbot,flick,11.242694068740462,4.246260404571059,0.0008,1,221,503,221,503,4.42
0.5,adaptive-aimbot,flick,11.242694068740462,4.246260404571059,0.0008,1,43,134,43,134,0.86
0.5,smoothing-aimbot,flick,11.242694068740462,4.246260404571059,0.0008,1,154,501,155,502,3.1
0.5,fast-adaptive-aimbot,flick,11.242694068740462,4.246260404571059,0.0008,1,903,2048,903,2048,18.06
0.5,recoil-macro,spray,7.344791135592351,0,0.0004,0.33,4350,6480,145,216,2.9
1,flick-aimbot,flick,8.27440461939925,4.266248516389543,0.0008,1,10,10,10,10,0.2
1,humanised-aimbot,flick,8.27440461939925,4.266248516389543,0.0008,1,46,114,46,114,0.92
1,adaptive-aimbot,flick,8.27440461939925,4.266248516389543,0.0008,1,30,154,30,154,0.6
1,smoothing-aimbot,flick,8.27440461939925,4.266248516389543,0.0008,1,48,138,49,139,0.98
1,fast-adaptive-aimbot,flick,8.27440461939925,4.266248516389543,0.0008,0.254,32,3957,32,3957,0.64
1,recoil-macro,spray,6.663397152445043,0,0.0004,0.86,2400,5550,80,185,1.6
2,flick-aimbot,flick,6.800895248080761,4.161129200933944,0.0008,1,10,10,10,10,0.2
2,humanised-aimbot,flick,6.800895248080761,4.161129200933944,0.0008,1,15,33,15,33,0.3
2,adaptive-aimbot,flick,6.800895248080761,4.161129200933944,0.0008,0.998,73,1308,73,1308,1.46
2,smoothing-aimbot,flick,6.800895248080761,4.161129200933944,0.0008,1,18,48,19,49,0.38
2,fast-adaptive-aimbot,flick,6.800895248080761,4.161129200933944,0.0008,0.12,12,32,12,32,0.24
2,recoil-macro,spray,4.963025785613516,0,0.0004,1,630,1740,21,58,0.42
